Mag.,Identifier,Genotype,Summary,GnomAD,GetEvidence,ClinVar
2.1,\href{https://www.snpedia.com/index.php/Rs646776}{rs646776},(A;A),\href{https://www.snpedia.com/index.php/Rs646776}{1.2x risk of coronary artery disease},\href{http://gnomad.broadinstitute.org/awesome?query=rs646776}{Link},\href{http://evidence.pgp-hms.org/rs646776}{Link},
2,\href{https://www.snpedia.com/index.php/Rs10889677}{rs10889677},(A;C),\href{https://www.snpedia.com/index.php/Rs10889677}{1.5x increased risk for certain autoimmune dise...},\href{http://gnomad.broadinstitute.org/awesome?query=rs10889677}{Link},\href{http://evidence.pgp-hms.org/rs10889677}{Link},
2,\href{https://www.snpedia.com/index.php/Rs12567232}{rs12567232},(A;G),\href{https://www.snpedia.com/index.php/Rs12567232}{Increased risk for Crohn's Disease},\href{http://gnomad.broadinstitute.org/awesome?query=rs12567232}{Link},\href{http://evidence.pgp-hms.org/rs12567232}{Link},
2,\href{https://www.snpedia.com/index.php/Rs13376333}{rs13376333},(T;T),\href{https://www.snpedia.com/index.php/Rs13376333}{~2x higher risk of atrial fibrillation},\href{http://gnomad.broadinstitute.org/awesome?query=rs13376333}{Link},\href{http://evidence.pgp-hms.org/rs13376333}{Link},
2,\href{https://www.snpedia.com/index.php/Rs2201841}{rs2201841},(C;T),\href{https://www.snpedia.com/index.php/Rs2201841}{1.5x increased risk for Crohn's disease; 2x inc...},\href{http://gnomad.broadinstitute.org/awesome?query=rs2201841}{Link},\href{http://evidence.pgp-hms.org/rs2201841}{Link},
2,\href{https://www.snpedia.com/index.php/Rs699}{rs699},(C;T),\href{https://www.snpedia.com/index.php/Rs699}{Increased risk of hypertension},\href{http://gnomad.broadinstitute.org/awesome?query=rs699}{Link},\href{http://evidence.pgp-hms.org/rs699}{Link},\href{http://www.ncbi.nlm.nih.gov/clinvar/?term=rs699}{Link}
2,\href{https://www.snpedia.com/index.php/Rs7536563}{rs7536563},(A;A),\href{https://www.snpedia.com/index.php/Rs7536563}{>1.12x risk of multiple sclerosis},\href{http://gnomad.broadinstitute.org/awesome?query=rs7536563}{Link},\href{http://evidence.pgp-hms.org/rs7536563}{Link},
1.5,\href{https://www.snpedia.com/index.php/Rs12037606}{rs12037606},(A;G),\href{https://www.snpedia.com/index.php/Rs12037606}{1.22x risk of developing Crohn's disease},\href{http://gnomad.broadinstitute.org/awesome?query=rs12037606}{Link},,
1.5,\href{https://www.snpedia.com/index.php/Rs1801274}{rs1801274},(T;T),\href{https://www.snpedia.com/index.php/Rs1801274}{Complex; generally greater risk for cancer prog...},\href{http://gnomad.broadinstitute.org/awesome?query=rs1801274}{Link},\href{http://evidence.pgp-hms.org/rs1801274}{Link},\href{http://www.ncbi.nlm.nih.gov/clinvar/?term=rs1801274}{Link}
1.5,\href{https://www.snpedia.com/index.php/Rs2240340}{rs2240340},(A;G),\href{https://www.snpedia.com/index.php/Rs2240340}{Slightly increased (1.5x) risk for RA},\href{http://gnomad.broadinstitute.org/awesome?query=rs2240340}{Link},,
1.5,\href{https://www.snpedia.com/index.php/Rs486907}{rs486907},(A;G),\href{https://www.snpedia.com/index.php/Rs486907}{1.5x increased prostate cancer risk},\href{http://gnomad.broadinstitute.org/awesome?query=rs486907}{Link},\href{http://evidence.pgp-hms.org/rs486907}{Link},\href{http://www.ncbi.nlm.nih.gov/clinvar/?term=rs486907}{Link}
1.5,\href{https://www.snpedia.com/index.php/Rs5746059}{rs5746059},(A;A),\href{https://www.snpedia.com/index.php/Rs5746059}{Slightly higher fat mass},\href{http://gnomad.broadinstitute.org/awesome?query=rs5746059}{Link},,
1.5,\href{https://www.snpedia.com/index.php/Rs6656401}{rs6656401},(A;G),\href{https://www.snpedia.com/index.php/Rs6656401}{1.18x increased risk for late-onset Alzheimer...},\href{http://gnomad.broadinstitute.org/awesome?query=rs6656401}{Link},,
1.2,\href{https://www.snpedia.com/index.php/Rs7514229}{rs7514229},(G;G),\href{https://www.snpedia.com/index.php/Rs7514229}{Associated with early-onset autoimmune thyroid ...},\href{http://gnomad.broadinstitute.org/awesome?query=rs7514229}{Link},,
1.17,\href{https://www.snpedia.com/index.php/Rs17465637}{rs17465637},(A;C),\href{https://www.snpedia.com/index.php/Rs17465637}{1.17x higher risk for myocardial infarction},\href{http://gnomad.broadinstitute.org/awesome?query=rs17465637}{Link},\href{http://evidence.pgp-hms.org/rs17465637}{Link},
1.1,\href{https://www.snpedia.com/index.php/Rs2651899}{rs2651899},(A;G),\href{https://www.snpedia.com/index.php/Rs2651899}{1.1x higher risk for migraines},\href{http://gnomad.broadinstitute.org/awesome?query=rs2651899}{Link},,
1.1,\href{https://www.snpedia.com/index.php/Rs3818361}{rs3818361},(C;T),\href{https://www.snpedia.com/index.php/Rs3818361}{1.15x increased risk for late-onset Alzheimer's...},\href{http://gnomad.broadinstitute.org/awesome?query=rs3818361}{Link},,
1.1,\href{https://www.snpedia.com/index.php/Rs7531806}{rs7531806},(A;G),\href{https://www.snpedia.com/index.php/Rs7531806}{Very slightly increased risk of acne occurrence...},\href{http://gnomad.broadinstitute.org/awesome?query=rs7531806}{Link},,
1.05,\href{https://www.snpedia.com/index.php/Rs2291834}{rs2291834},(C;T),\href{https://www.snpedia.com/index.php/Rs2291834}{Very slightly higher risk for myocardial infarc...},\href{http://gnomad.broadinstitute.org/awesome?query=rs2291834}{Link},,
1,\href{https://www.snpedia.com/index.php/Rs1004819}{rs1004819},(C;T),\href{https://www.snpedia.com/index.php/Rs1004819}{1.5x risk of Crohn's disease: 1.2 for developin...},\href{http://gnomad.broadinstitute.org/awesome?query=rs1004819}{Link},\href{http://evidence.pgp-hms.org/rs1004819}{Link},
1,\href{https://www.snpedia.com/index.php/Rs1417066}{rs1417066},(C;T),\href{https://www.snpedia.com/index.php/Rs1417066}{Slightly increased risk of osteoarthritis},\href{http://gnomad.broadinstitute.org/awesome?query=rs1417066}{Link},,
